{
  "overall_accuracy": 83.00301721587884,
  "device_accuracy": {
    "SisFall": 82.38141335914811,
    "WISDM": 88.58483189992181,
    "PAMAP2": 69.38502673796792
  },
  "class_accuracy": {
    "Cycling": 91.14583333333333,
    "Fall": 96.25509825732296,
    "Jumping": 71.3163064833006,
    "Lying": 65.17857142857143,
    "Other": 73.51778656126483,
    "Running": 92.98952457695407,
    "Sitting": 42.52988047808765,
    "Stairs_Down": 54.02792696025779,
    "Stairs_Up": 63.47583643122677,
    "Standing": 76.76371780515117,
    "Walking": 95.58792484694955
  }
}