{
  "train_loss": [
    1.3188781221450052,
    1.0182552438114605,
    0.9458565000003895,
    0.8959011172745951,
    0.8610671805021636,
    0.8315091154370547,
    0.8042754481638656,
    0.7815136744292087,
    0.7652756929687395,
    0.7465952932351605,
    0.7348943755537802,
    0.7224761097415726,
    0.7112897216211068,
    0.700591784387199,
    0.6949171790041065,
    0.6854774253971186,
    0.6793158092510372,
    0.6687057764062618,
    0.6647524157934482,
    0.6607472894643849,
    0.6576740687148498,
    0.6481433410795233,
    0.6443878821364485,
    0.6403202325636989,
    0.6426307410726284,
    0.6327149720207412,
    0.6320540763473974,
    0.6309053072859827,
    0.6263980130805382,
    0.6239012693276861,
    0.6200581272185525,
    0.6187840032133136,
    0.6150602106143822,
    0.61258496380316,
    0.6111125333092781,
    0.6059074413930964,
    0.6069409735198925,
    0.6016170944251736,
    0.5995085708905658,
    0.6019758574386856,
    0.5992262425743393,
    0.5971724537821604,
    0.5936156265932698,
    0.5941974116878725,
    0.59312517354129,
    0.5929503098395887,
    0.5930423509552954,
    0.5868193268582732,
    0.5858043737987259,
    0.5826018516402963
  ],
  "val_accuracy": [
    66.50494053606296,
    69.41009407727353,
    70.43370214780191,
    71.50464469558014,
    73.17318501863795,
    74.55771847819656,
    75.65232826459973,
    76.03100408259866,
    77.21436601384534,
    77.46878882906337,
    77.84154783740607,
    78.40364475474824,
    78.95390805277795,
    79.10774510384,
    79.81776226258802,
    79.90059759777527,
    80.20235489024319,
    80.39169279924265,
    80.57511389858588,
    80.85320395242886,
    80.93012247795988,
    81.20821253180286,
    81.09579314833442,
    81.57505473048931,
    81.43305129873971,
    81.85906159398853,
    81.32063191527129,
    82.13123483817526,
    81.85314478433229,
    82.22590379267498,
    82.36790722442458,
    82.58091237204899,
    82.79983432932963,
    82.20815336370629,
    82.63416365895509,
    82.9714218093604,
    82.29098869889356,
    82.87083604520443,
    82.61641322998639,
    82.98325542867286,
    82.6696645168925,
    83.03650671557897,
    82.70516537482989,
    83.07200757351636,
    83.07200757351636,
    83.42109934323413,
    83.11342524111,
    83.61635406188982,
    83.54535234601502,
    83.31459676942193
  ],
  "val_loss": [
    0.9793060099271903,
    0.8705644473097378,
    0.8223851246941358,
    0.7875498416728544,
    0.7441530355385372,
    0.709815749324354,
    0.6833774010489758,
    0.6646534412875211,
    0.6449069719117387,
    0.631414607727438,
    0.6211202886319698,
    0.6113573550281668,
    0.595061351033978,
    0.5888877775436058,
    0.5837395428714895,
    0.5721387338817567,
    0.5674283128035696,
    0.5587203596767626,
    0.5629251330418694,
    0.5573711146537522,
    0.5522355984028121,
    0.5407160172112903,
    0.5438259409782582,
    0.5314223777530784,
    0.5291587712621331,
    0.5332199845995221,
    0.5364853627699658,
    0.519653225079515,
    0.5190031481416602,
    0.5102571895472089,
    0.5103807481832074,
    0.5031829207463372,
    0.5020970041142371,
    0.5074697756453564,
    0.5026184104214934,
    0.4920540077793867,
    0.5113115450717453,
    0.4922271757421637,
    0.4985673429822563,
    0.49527329766660705,
    0.4993053282562055,
    0.48779722465608355,
    0.49746696662185785,
    0.4888475077941005,
    0.4865053049603799,
    0.48410479007358836,
    0.48664550292760805,
    0.48085397728403706,
    0.47738223461280194,
    0.48270728814422637
  ],
  "best_accuracy": 83.61635406188982,
  "best_epoch": 48
}